{
    "AAPL": 0.17807498096378452,
    "IBM": 0.0,
    "VUSA": 0.0,
    "NVDA": 0.2674152439418013,
    "WELL": 0.18350445910592644,
    "NOC": 0.16348859550969416,
    "ORCL": 0.18404296230202605,
    "JPM": 0.16523669103196556,
    "AMT": 0.3487633809610419,
    "MSFT": 0.15644419939952126,
    "BARC": 0.0,
    "MPWR": 0.17562536328106393,
    "MAIN": 0.18013354019869093,
    "O": 0.1742598613990681,
    "STAG": 0.19814317202875117,
    "RHM": 0.3535498681781631,
    "JNJ": 0.17563850764247702,
    "P911": 0.0,
    "GOOGL": 0.15715381491710767,
    "ARCC": 0.17708775130379556,
    "PBA": 0.17785356842917158,
    "MO": 0.17689743550372572,
    "ASML": 0.20120845395025613,
    "BP": 0.0,
    "IGG": 0.0,
    "MNG": 0.0,
    "CSN": 0.0
}