{
    "NVDA": 3.124554599999999,
    "JNJ": 1.8436135,
    "JPM": 0.39965539999999994,
    "GOOGL": 0.8005219999999996,
    "MSFT": 0.320414,
    "MPWR": 0.1261755,
    "MO": 3.128896,
    "O": 3.4264289999999997,
    "PBA": 3.138197,
    "STAG": 3.5327990000000002,
    "MAIN": 2.549692,
    "ARCC": 5.080702,
    "P911.DE": 4.3307530000000005,
    "ASML.AS": 0.1541076,
    "BP.L": 26.037659500000004,
    "SAP.DE": 0.4171621,
    "MNG.L": 13.1671809,
    "POLR.L": 7.587935,
    "IGG.L": 7.9919005,
    "CSN.L": 29.0619887,
    "LGEN.L": 10.5713297,
    "MONY.L": 13.4601623,
    "TEP.L": 4.27360817,
    "RIO.L": 0.65757226
}